[{"model": "contenttypes.contenttype", "pk": 1, "fields": {"app_label": "admin", "model": "logentry"}}, {"model": "contenttypes.contenttype", "pk": 2, "fields": {"app_label": "auth", "model": "permission"}}, {"model": "contenttypes.contenttype", "pk": 3, "fields": {"app_label": "auth", "model": "group"}}, {"model": "contenttypes.contenttype", "pk": 4, "fields": {"app_label": "contenttypes", "model": "contenttype"}}, {"model": "contenttypes.contenttype", "pk": 5, "fields": {"app_label": "sessions", "model": "session"}}, {"model": "contenttypes.contenttype", "pk": 6, "fields": {"app_label": "goods", "model": "item"}}, {"model": "contenttypes.contenttype", "pk": 7, "fields": {"app_label": "goods", "model": "itemtype"}}, {"model": "contenttypes.contenttype", "pk": 8, "fields": {"app_label": "goods", "model": "review"}}, {"model": "contenttypes.contenttype", "pk": 9, "fields": {"app_label": "index_page", "model": "offer"}}, {"model": "contenttypes.contenttype", "pk": 10, "fields": {"app_label": "users", "model": "user"}}, {"model": "contenttypes.contenttype", "pk": 11, "fields": {"app_label": "users", "model": "order"}}, {"model": "contenttypes.contenttype", "pk": 12, "fields": {"app_label": "users", "model": "orderposition"}}, {"model": "contenttypes.contenttype", "pk": 13, "fields": {"app_label": "goods", "model": "order"}}, {"model": "contenttypes.contenttype", "pk": 14, "fields": {"app_label": "goods", "model": "orderposition"}}, {"model": "sessions.session", "pk": "2aalrnx3j15vyhssh8qxkdsrogfvjtfm", "fields": {"session_data": "NjdjMmQyYmM1NGI4ZWM5ZDgwM2M2YzAzZTA4NzA5ZTM0MzgzYjM2Zjp7Il9hdXRoX3VzZXJfaWQiOiIxIiwiX2F1dGhfdXNlcl9iYWNrZW5kIjoiZGphbmdvLmNvbnRyaWIuYXV0aC5iYWNrZW5kcy5Nb2RlbEJhY2tlbmQiLCJfYXV0aF91c2VyX2hhc2giOiJlZDZkZjkwYTEwYWM3OWM1ZDVkNGJhOTdjMjZjOWZlYzYzYTRkMjQ1In0=", "expire_date": "2020-02-18T08:45:19.849Z"}}, {"model": "sessions.session", "pk": "2uh382745qpiiyie5ykmol3upvc6uxx5", "fields": {"session_data": "OGQ2NWEzNjY1NjdiYmY1ZWJiMDg1ZjQxOGE5ODllNzY1ZWU4YjE3MTp7Il9hdXRoX3VzZXJfaWQiOiIxIiwiX2F1dGhfdXNlcl9iYWNrZW5kIjoiZGphbmdvLmNvbnRyaWIuYXV0aC5iYWNrZW5kcy5Nb2RlbEJhY2tlbmQiLCJfYXV0aF91c2VyX2hhc2giOiI2ZjdlMjA3NmJhMzFhOTdhYWJiNDZkMmY3ZTA2MWUyYjBmOTI2ZjRjIn0=", "expire_date": "2020-02-20T11:57:26.525Z"}}, {"model": "sessions.session", "pk": "9jajnb3f5b40gvj7h2881i9sk0t2fnk2", "fields": {"session_data": "MGExOTdmNjA3NzQ2NTM4MGFlNzg2MTIwNTNlYzdjMzc1MjU5ODQyNTp7Il9hdXRoX3VzZXJfaWQiOiIyIiwiX2F1dGhfdXNlcl9iYWNrZW5kIjoiZGphbmdvLmNvbnRyaWIuYXV0aC5iYWNrZW5kcy5Nb2RlbEJhY2tlbmQiLCJfYXV0aF91c2VyX2hhc2giOiI0ZjEwY2M4MmFkZTZhMDA5Yzg4ZGI1NDVlNDI4NWJmZGEyOTNlN2EyIiwib3JkZXJfaWQiOiIxIn0=", "expire_date": "2020-02-20T12:31:31.581Z"}}, {"model": "goods.item", "pk": 1, "fields": {"name": "iPhone 7", "image": "photos/iphone7.webp", "description": "iPhone 7", "type": 1, "name_slug": "iphone-7", "add_time": "2020-02-06T11:58:33Z"}}, {"model": "goods.item", "pk": 2, "fields": {"name": "Pixel 2", "image": "photos/pixel2.webp", "description": "Pixel 2", "type": 1, "name_slug": "pixel-2", "add_time": "2020-02-06T11:59:37Z"}}, {"model": "goods.item", "pk": 3, "fields": {"name": "Nexus 5x", "image": "photos/nexus5x.webp", "description": "Nexus 5x", "type": 1, "name_slug": "nexus-5x", "add_time": "2020-02-06T11:59:57Z"}}, {"model": "goods.item", "pk": 4, "fields": {"name": "Samsung S8", "image": "photos/samsungs8.webp", "description": "Samsung S8", "type": 1, "name_slug": "samsung-s8", "add_time": "2020-02-06T12:18:28Z"}}, {"model": "goods.item", "pk": 5, "fields": {"name": "iPhone 11", "image": "photos/iphone11.png", "description": "iPhone 11", "type": 1, "name_slug": "iphone-11", "add_time": "2020-02-06T12:20:17Z"}}, {"model": "goods.item", "pk": 6, "fields": {"name": "Sony Xperia 1", "image": "photos/sony_xperia1.png", "description": "Sony Xperia 1", "type": 1, "name_slug": "sony-xperia-1", "add_time": "2020-02-06T12:20:53Z"}}, {"model": "goods.item", "pk": 7, "fields": {"name": "Sony XZ Premium", "image": "photos/xz_premium.png", "description": "Sony XZ Premium", "type": 1, "name_slug": "sony-xz-premium", "add_time": "2020-02-06T12:21:26Z"}}, {"model": "goods.item", "pk": 8, "fields": {"name": "Xiaomi Note 8", "image": "photos/xiaomi_redmi_note8.png", "description": "Xiaomi Note 8", "type": 1, "name_slug": "xiaomi-note-8", "add_time": "2020-02-06T12:21:43Z"}}, {"model": "goods.item", "pk": 9, "fields": {"name": "\u0411\u0430\u043d\u0434\u0430\u043d\u0430", "image": "photos/bandana.png", "description": "\u0411\u0430\u043d\u0434\u0430\u043d\u0430", "type": 2, "name_slug": "bandana", "add_time": "2020-02-06T12:22:08Z"}}, {"model": "goods.item", "pk": 10, "fields": {"name": "\u0420\u044e\u043a\u0437\u0430\u043a Action", "image": "photos/bp_action.png", "description": "\u0420\u044e\u043a\u0437\u0430\u043a Action", "type": 2, "name_slug": "ryukzak-action", "add_time": "2020-02-06T12:22:21Z"}}, {"model": "goods.item", "pk": 11, "fields": {"name": "\u0420\u044e\u043a\u0437\u0430\u043a Brauberg", "image": "photos/bp_brauberg.png", "description": "\u0420\u044e\u043a\u0437\u0430\u043a Brauberg", "type": 2, "name_slug": "ryukzak-brauberg", "add_time": "2020-02-06T12:22:31Z"}}, {"model": "goods.item", "pk": 12, "fields": {"name": "\u0424\u0443\u0444\u0430\u0439\u043a\u0430", "image": "photos/fufajka.jpg", "description": "\u0424\u0443\u0444\u0430\u0439\u043a\u0430", "type": 2, "name_slug": "fufajka", "add_time": "2020-02-06T12:22:46Z"}}, {"model": "goods.item", "pk": 13, "fields": {"name": "\u0425\u0443\u0434\u0438 Playstation", "image": "photos/hoody_playstation.png", "description": "\u0425\u0443\u0434\u0438 Playstation", "type": 2, "name_slug": "hudi-playstation", "add_time": "2020-02-06T12:22:57Z"}}, {"model": "goods.item", "pk": 14, "fields": {"name": "\u0424\u0443\u0442\u0431\u043e\u043b\u043a\u0430 \u0413\u0435\u0440\u043e\u0438", "image": "photos/tshirt_heroes.png", "description": "\u0424\u0443\u0442\u0431\u043e\u043b\u043a\u0430 \u0413\u0435\u0440\u043e\u0438 3", "type": 2, "name_slug": "futbolka-geroi", "add_time": "2020-02-06T12:23:10Z"}}, {"model": "goods.item", "pk": 15, "fields": {"name": "\u0424\u0443\u0442\u0431\u043e\u043b\u043a\u0430 \u041f\u0440\u043e\u0433\u0440\u0430\u043c\u043c\u0438\u0441\u0442", "image": "photos/tshirt_prog2.png", "description": "\u0424\u0443\u0442\u0431\u043e\u043b\u043a\u0430 \u041f\u0440\u043e\u0433\u0440\u0430\u043c\u043c\u0438\u0441\u0442", "type": 2, "name_slug": "futbolka-programmist", "add_time": "2020-02-06T12:23:29Z"}}, {"model": "goods.item", "pk": 16, "fields": {"name": "\u0424\u0443\u0442\u0431\u043e\u043b\u043a\u0430 \u041a\u043e\u0434", "image": "photos/tshirt_programmer.png", "description": "\u0424\u0443\u0442\u0431\u043e\u043b\u043a\u0430 \u041a\u043e\u0434", "type": 2, "name_slug": "futbolka-kod", "add_time": "2020-02-06T12:23:41Z"}}, {"model": "goods.item", "pk": 17, "fields": {"name": "Apple Airpods 2", "image": "photos/apple_airpods2.png", "description": "Apple Airpods 2", "type": 4, "name_slug": "apple-airpods-2", "add_time": "2020-02-06T12:24:01Z"}}, {"model": "goods.item", "pk": 18, "fields": {"name": "Honor Sport Pro", "image": "photos/honor_sport_pro.png", "description": "Honor Sport Pro", "type": 4, "name_slug": "honor-sport-pro", "add_time": "2020-02-06T12:24:30Z"}}, {"model": "goods.item", "pk": 19, "fields": {"name": "Philips Upbeat", "image": "photos/philips_upbeat.png", "description": "Philips Upbeat", "type": 4, "name_slug": "philips-upbeat", "add_time": "2020-02-06T12:24:42Z"}}, {"model": "goods.item", "pk": 20, "fields": {"name": "Samsung Galaxy Buds", "image": "photos/samsung_galaxy_buds.png", "description": "Samsung Galaxy Buds", "type": 4, "name_slug": "samsung-galaxy-buds", "add_time": "2020-02-06T12:25:09Z"}}, {"model": "goods.item", "pk": 21, "fields": {"name": "Sehnheiser Momentum", "image": "photos/sehnheiser_momentum.png", "description": "Sehnheiser Momentum", "type": 4, "name_slug": "sehnheiser-momentum", "add_time": "2020-02-06T12:25:20Z"}}, {"model": "goods.item", "pk": 22, "fields": {"name": "Sony WH-XB900", "image": "photos/sony_wh-xb900.png", "description": "Sony WH-XB900", "type": 4, "name_slug": "sony-wh-xb900", "add_time": "2020-02-06T12:25:33Z"}}, {"model": "goods.item", "pk": 23, "fields": {"name": "Xiaomi Redmi AirDots", "image": "photos/xiaomi_redmi_airdots.png", "description": "Xiaomi Redmi AirDots", "type": 4, "name_slug": "xiaomi-redmi-airdots", "add_time": "2020-02-06T12:25:42Z"}}, {"model": "goods.item", "pk": 24, "fields": {"name": "JBL T450", "image": "photos/jbl_t450.png", "description": "JBL T450", "type": 4, "name_slug": "jbl-t450", "add_time": "2020-02-06T12:26:06Z"}}, {"model": "goods.item", "pk": 25, "fields": {"name": "Dell Latitude", "image": "photos/dell_latitude.png", "description": "Dell Latitude", "type": 3, "name_slug": "dell-latitude", "add_time": "2020-02-06T12:26:22Z"}}, {"model": "goods.item", "pk": 26, "fields": {"name": "Huawei MediaPad M5", "image": "photos/huawei_mediapadM5.png", "description": "Huawei MediaPad M5", "type": 3, "name_slug": "huawei-mediapad-m5", "add_time": "2020-02-06T12:26:32Z"}}, {"model": "goods.item", "pk": 27, "fields": {"name": "iPad 2019", "image": "photos/ipad2019.png", "description": "iPad 2019", "type": 3, "name_slug": "ipad-2019", "add_time": "2020-02-06T12:26:46Z"}}, {"model": "goods.item", "pk": 28, "fields": {"name": "Lenovo Tab m10", "image": "photos/lenovo_tab_m10.png", "description": "Lenovo Tab m10", "type": 3, "name_slug": "lenovo-tab-m10", "add_time": "2020-02-06T12:26:57Z"}}, {"model": "goods.item", "pk": 29, "fields": {"name": "Lenovo Yoga Smart Tab", "image": "photos/lenovo_yoga_smart_tab.png", "description": "Lenovo Yoga Smart Tab", "type": 3, "name_slug": "lenovo-yoga-smart-tab", "add_time": "2020-02-06T12:27:14Z"}}, {"model": "goods.item", "pk": 30, "fields": {"name": "Microsoft Surface Go", "image": "photos/ms_surface_go.png", "description": "Microsoft Surface Go", "type": 3, "name_slug": "microsoft-surface-go", "add_time": "2020-02-06T12:27:24Z"}}, {"model": "goods.item", "pk": 31, "fields": {"name": "Samsung Galaxy Tab A", "image": "photos/samsung_galaxytab_A.png", "description": "Samsung Galaxy Tab A", "type": 3, "name_slug": "samsung-galaxy-tab", "add_time": "2020-02-06T12:27:36Z"}}, {"model": "goods.item", "pk": 32, "fields": {"name": "Xiaomi MiPad 4", "image": "photos/xiaomi_mipad4.png", "description": "Xiaomi MiPad 4", "type": 3, "name_slug": "xiaomi-mipad-4", "add_time": "2020-02-06T12:27:50Z"}}, {"model": "goods.itemtype", "pk": 1, "fields": {"item_type": "phones", "name": "\u0421\u043c\u0430\u0440\u0442\u0444\u043e\u043d\u044b"}}, {"model": "goods.itemtype", "pk": 2, "fields": {"item_type": "accessoires", "name": "\u0410\u043a\u0441\u0435\u0441\u0441\u0443\u0430\u0440\u044b"}}, {"model": "goods.itemtype", "pk": 3, "fields": {"item_type": "tablets", "name": "\u041f\u043b\u0430\u043d\u0448\u0435\u0442\u044b"}}, {"model": "goods.itemtype", "pk": 4, "fields": {"item_type": "headphones", "name": "\u041d\u0430\u0443\u0448\u043d\u0438\u043a\u0438"}}, {"model": "goods.orderposition", "pk": 1, "fields": {"order": 1, "item": 14, "quantity": 2}}, {"model": "goods.orderposition", "pk": 2, "fields": {"order": 1, "item": 5, "quantity": 1}}, {"model": "index_page.offer", "pk": 1, "fields": {"headline": "\u0418\u0449\u0435\u0442\u0435 \u043f\u043e\u0434\u0430\u0440\u043e\u043a \u043d\u0430 \u043f\u0440\u0430\u0437\u0434\u043d\u0438\u043a\u0438?", "sub_line": "\u041b\u0443\u0447\u0448\u0438\u0435 \u043c\u043e\u0431\u0438\u043b\u044b \u0442\u043e\u043b\u044c\u043a\u043e \u0443 \u043d\u0430\u0441:", "category": 1, "add_date": "2020-02-06T12:19:04Z"}}, {"model": "index_page.offer", "pk": 2, "fields": {"headline": "\u0421 \u043f\u0435\u0441\u043d\u0435\u0439 \u043f\u043e \u0436\u0438\u0437\u043d\u0438!", "sub_line": "\u041d\u0430\u0443\u0448\u043d\u0438\u043a\u0438 \u043d\u0430 \u043b\u044e\u0431\u043e\u0439 \u0432\u043a\u0443\u0441", "category": 4, "add_date": "2020-02-06T12:28:21Z"}}, {"model": "index_page.offer", "pk": 3, "fields": {"headline": "\u041f\u0440\u0430\u043a\u0442\u0438\u0447\u043d\u043e \u0438 \u0443\u044e\u0442\u043d\u043e", "sub_line": "\u0424\u0443\u0442\u0431\u043e\u043b\u043a\u0438 \u0438 \u0440\u044e\u043a\u0437\u0430\u043a\u0438", "category": 2, "add_date": "2020-02-06T12:28:39Z"}}, {"model": "index_page.offer", "pk": 4, "fields": {"headline": "\u041c\u0430\u043b\u0435\u043d\u044c\u043a\u0438\u0435 \u043f\u043e\u043c\u043e\u0449\u043d\u0438\u043a\u0438", "sub_line": "\u041f\u043b\u0430\u043d\u0448\u0435\u0442\u044b \u0434\u043b\u044f \u0440\u0430\u0431\u043e\u0442\u044b \u0438 \u0440\u0430\u0437\u0432\u043b\u0435\u0447\u0435\u043d\u0438\u0439", "category": 3, "add_date": "2020-02-06T12:29:03Z"}}, {"model": "auth.permission", "pk": 1, "fields": {"name": "Can add log entry", "content_type": 1, "codename": "add_logentry"}}, {"model": "auth.permission", "pk": 2, "fields": {"name": "Can change log entry", "content_type": 1, "codename": "change_logentry"}}, {"model": "auth.permission", "pk": 3, "fields": {"name": "Can delete log entry", "content_type": 1, "codename": "delete_logentry"}}, {"model": "auth.permission", "pk": 4, "fields": {"name": "Can view log entry", "content_type": 1, "codename": "view_logentry"}}, {"model": "auth.permission", "pk": 5, "fields": {"name": "Can add permission", "content_type": 2, "codename": "add_permission"}}, {"model": "auth.permission", "pk": 6, "fields": {"name": "Can change permission", "content_type": 2, "codename": "change_permission"}}, {"model": "auth.permission", "pk": 7, "fields": {"name": "Can delete permission", "content_type": 2, "codename": "delete_permission"}}, {"model": "auth.permission", "pk": 8, "fields": {"name": "Can view permission", "content_type": 2, "codename": "view_permission"}}, {"model": "auth.permission", "pk": 9, "fields": {"name": "Can add group", "content_type": 3, "codename": "add_group"}}, {"model": "auth.permission", "pk": 10, "fields": {"name": "Can change group", "content_type": 3, "codename": "change_group"}}, {"model": "auth.permission", "pk": 11, "fields": {"name": "Can delete group", "content_type": 3, "codename": "delete_group"}}, {"model": "auth.permission", "pk": 12, "fields": {"name": "Can view group", "content_type": 3, "codename": "view_group"}}, {"model": "auth.permission", "pk": 13, "fields": {"name": "Can add content type", "content_type": 4, "codename": "add_contenttype"}}, {"model": "auth.permission", "pk": 14, "fields": {"name": "Can change content type", "content_type": 4, "codename": "change_contenttype"}}, {"model": "auth.permission", "pk": 15, "fields": {"name": "Can delete content type", "content_type": 4, "codename": "delete_contenttype"}}, {"model": "auth.permission", "pk": 16, "fields": {"name": "Can view content type", "content_type": 4, "codename": "view_contenttype"}}, {"model": "auth.permission", "pk": 17, "fields": {"name": "Can add session", "content_type": 5, "codename": "add_session"}}, {"model": "auth.permission", "pk": 18, "fields": {"name": "Can change session", "content_type": 5, "codename": "change_session"}}, {"model": "auth.permission", "pk": 19, "fields": {"name": "Can delete session", "content_type": 5, "codename": "delete_session"}}, {"model": "auth.permission", "pk": 20, "fields": {"name": "Can view session", "content_type": 5, "codename": "view_session"}}, {"model": "auth.permission", "pk": 21, "fields": {"name": "Can add \u0442\u043e\u0432\u0430\u0440", "content_type": 6, "codename": "add_item"}}, {"model": "auth.permission", "pk": 22, "fields": {"name": "Can change \u0442\u043e\u0432\u0430\u0440", "content_type": 6, "codename": "change_item"}}, {"model": "auth.permission", "pk": 23, "fields": {"name": "Can delete \u0442\u043e\u0432\u0430\u0440", "content_type": 6, "codename": "delete_item"}}, {"model": "auth.permission", "pk": 24, "fields": {"name": "Can view \u0442\u043e\u0432\u0430\u0440", "content_type": 6, "codename": "view_item"}}, {"model": "auth.permission", "pk": 25, "fields": {"name": "Can add \u043a\u0430\u0442\u0435\u0433\u043e\u0440\u0438\u044f \u0442\u043e\u0432\u0430\u0440\u0430", "content_type": 7, "codename": "add_itemtype"}}, {"model": "auth.permission", "pk": 26, "fields": {"name": "Can change \u043a\u0430\u0442\u0435\u0433\u043e\u0440\u0438\u044f \u0442\u043e\u0432\u0430\u0440\u0430", "content_type": 7, "codename": "change_itemtype"}}, {"model": "auth.permission", "pk": 27, "fields": {"name": "Can delete \u043a\u0430\u0442\u0435\u0433\u043e\u0440\u0438\u044f \u0442\u043e\u0432\u0430\u0440\u0430", "content_type": 7, "codename": "delete_itemtype"}}, {"model": "auth.permission", "pk": 28, "fields": {"name": "Can view \u043a\u0430\u0442\u0435\u0433\u043e\u0440\u0438\u044f \u0442\u043e\u0432\u0430\u0440\u0430", "content_type": 7, "codename": "view_itemtype"}}, {"model": "auth.permission", "pk": 29, "fields": {"name": "Can add review", "content_type": 8, "codename": "add_review"}}, {"model": "auth.permission", "pk": 30, "fields": {"name": "Can change review", "content_type": 8, "codename": "change_review"}}, {"model": "auth.permission", "pk": 31, "fields": {"name": "Can delete review", "content_type": 8, "codename": "delete_review"}}, {"model": "auth.permission", "pk": 32, "fields": {"name": "Can view review", "content_type": 8, "codename": "view_review"}}, {"model": "auth.permission", "pk": 33, "fields": {"name": "Can add offer", "content_type": 9, "codename": "add_offer"}}, {"model": "auth.permission", "pk": 34, "fields": {"name": "Can change offer", "content_type": 9, "codename": "change_offer"}}, {"model": "auth.permission", "pk": 35, "fields": {"name": "Can delete offer", "content_type": 9, "codename": "delete_offer"}}, {"model": "auth.permission", "pk": 36, "fields": {"name": "Can view offer", "content_type": 9, "codename": "view_offer"}}, {"model": "auth.permission", "pk": 37, "fields": {"name": "Can add \u043f\u043e\u043b\u044c\u0437\u043e\u0432\u0430\u0442\u0435\u043b\u044c", "content_type": 10, "codename": "add_user"}}, {"model": "auth.permission", "pk": 38, "fields": {"name": "Can change \u043f\u043e\u043b\u044c\u0437\u043e\u0432\u0430\u0442\u0435\u043b\u044c", "content_type": 10, "codename": "change_user"}}, {"model": "auth.permission", "pk": 39, "fields": {"name": "Can delete \u043f\u043e\u043b\u044c\u0437\u043e\u0432\u0430\u0442\u0435\u043b\u044c", "content_type": 10, "codename": "delete_user"}}, {"model": "auth.permission", "pk": 40, "fields": {"name": "Can view \u043f\u043e\u043b\u044c\u0437\u043e\u0432\u0430\u0442\u0435\u043b\u044c", "content_type": 10, "codename": "view_user"}}, {"model": "auth.permission", "pk": 41, "fields": {"name": "Can add \u0437\u0430\u043a\u0430\u0437", "content_type": 11, "codename": "add_order"}}, {"model": "auth.permission", "pk": 42, "fields": {"name": "Can change \u0437\u0430\u043a\u0430\u0437", "content_type": 11, "codename": "change_order"}}, {"model": "auth.permission", "pk": 43, "fields": {"name": "Can delete \u0437\u0430\u043a\u0430\u0437", "content_type": 11, "codename": "delete_order"}}, {"model": "auth.permission", "pk": 44, "fields": {"name": "Can view \u0437\u0430\u043a\u0430\u0437", "content_type": 11, "codename": "view_order"}}, {"model": "auth.permission", "pk": 45, "fields": {"name": "Can add \u043f\u043e\u0437\u0438\u0446\u0438\u044f", "content_type": 12, "codename": "add_orderposition"}}, {"model": "auth.permission", "pk": 46, "fields": {"name": "Can change \u043f\u043e\u0437\u0438\u0446\u0438\u044f", "content_type": 12, "codename": "change_orderposition"}}, {"model": "auth.permission", "pk": 47, "fields": {"name": "Can delete \u043f\u043e\u0437\u0438\u0446\u0438\u044f", "content_type": 12, "codename": "delete_orderposition"}}, {"model": "auth.permission", "pk": 48, "fields": {"name": "Can view \u043f\u043e\u0437\u0438\u0446\u0438\u044f", "content_type": 12, "codename": "view_orderposition"}}, {"model": "auth.permission", "pk": 49, "fields": {"name": "Can add \u0437\u0430\u043a\u0430\u0437", "content_type": 13, "codename": "add_order"}}, {"model": "auth.permission", "pk": 50, "fields": {"name": "Can change \u0437\u0430\u043a\u0430\u0437", "content_type": 13, "codename": "change_order"}}, {"model": "auth.permission", "pk": 51, "fields": {"name": "Can delete \u0437\u0430\u043a\u0430\u0437", "content_type": 13, "codename": "delete_order"}}, {"model": "auth.permission", "pk": 52, "fields": {"name": "Can view \u0437\u0430\u043a\u0430\u0437", "content_type": 13, "codename": "view_order"}}, {"model": "auth.permission", "pk": 53, "fields": {"name": "Can add \u043f\u043e\u0437\u0438\u0446\u0438\u044f", "content_type": 14, "codename": "add_orderposition"}}, {"model": "auth.permission", "pk": 54, "fields": {"name": "Can change \u043f\u043e\u0437\u0438\u0446\u0438\u044f", "content_type": 14, "codename": "change_orderposition"}}, {"model": "auth.permission", "pk": 55, "fields": {"name": "Can delete \u043f\u043e\u0437\u0438\u0446\u0438\u044f", "content_type": 14, "codename": "delete_orderposition"}}, {"model": "auth.permission", "pk": 56, "fields": {"name": "Can view \u043f\u043e\u0437\u0438\u0446\u0438\u044f", "content_type": 14, "codename": "view_orderposition"}}, {"model": "users.user", "pk": 1, "fields": {"password": "pbkdf2_sha256$150000$gZbVYp7xwFMe$GFYmZ873dvbi4KPDhKErp+2liwzPfQWiwgEuUpGG6Ks=", "last_login": "2020-02-06T11:57:26Z", "is_superuser": true, "first_name": "admin", "last_name": "", "is_staff": true, "is_active": true, "date_joined": "2020-02-06T11:57:10Z", "email": "admin@admin.org", "groups": [], "user_permissions": []}}, {"model": "users.user", "pk": 2, "fields": {"password": "pbkdf2_sha256$150000$irbUoyjY8opa$4KRfgiYcPUqrPg2JZCopIViKbt0yxvseWGiLyFjv+kg=", "last_login": "2020-02-06T12:31:07.192Z", "is_superuser": false, "first_name": "\u0412\u0430\u043d\u044f", "last_name": "\u041f\u0435\u0442\u0440\u043e\u0432", "is_staff": false, "is_active": true, "date_joined": "2020-02-06T12:30:47.435Z", "email": "vanya@vanya.org", "groups": [], "user_permissions": []}}, {"model": "goods.order", "pk": 1, "fields": {"buyer": 2, "date": "2020-02-06T12:31:31.288Z", "is_closed": true}}, {"model": "goods.review", "pk": 1, "fields": {"author": 2, "reviewed_item": 14, "review_text": "\u041e\u0442\u043b\u0438\u0447\u043d\u0430\u044f \u0444\u0443\u0442\u0431\u043e\u043b\u043a\u0430 \u0434\u043b\u044f \u0442\u0435\u0445, \u043a\u0442\u043e \u043f\u043e\u043d\u0438\u043c\u0430\u0435\u0442!", "rating": 5}}, {"model": "admin.logentry", "pk": 1, "fields": {"action_time": "2020-02-06T11:57:45.277Z", "user": 1, "content_type": 7, "object_id": "1", "object_repr": "phones", "action_flag": 1, "change_message": "[{\"added\": {}}]"}}, {"model": "admin.logentry", "pk": 2, "fields": {"action_time": "2020-02-06T11:58:00.363Z", "user": 1, "content_type": 7, "object_id": "2", "object_repr": "accessoires", "action_flag": 1, "change_message": "[{\"added\": {}}]"}}, {"model": "admin.logentry", "pk": 3, "fields": {"action_time": "2020-02-06T11:58:10.285Z", "user": 1, "content_type": 7, "object_id": "3", "object_repr": "tablets", "action_flag": 1, "change_message": "[{\"added\": {}}]"}}, {"model": "admin.logentry", "pk": 4, "fields": {"action_time": "2020-02-06T11:58:23.186Z", "user": 1, "content_type": 7, "object_id": "4", "object_repr": "headphones", "action_flag": 1, "change_message": "[{\"added\": {}}]"}}, {"model": "admin.logentry", "pk": 5, "fields": {"action_time": "2020-02-06T11:59:36.990Z", "user": 1, "content_type": 6, "object_id": "1", "object_repr": "iPhone 7", "action_flag": 1, "change_message": "[{\"added\": {}}]"}}, {"model": "admin.logentry", "pk": 6, "fields": {"action_time": "2020-02-06T11:59:57.738Z", "user": 1, "content_type": 6, "object_id": "2", "object_repr": "Pixel 2", "action_flag": 1, "change_message": "[{\"added\": {}}]"}}, {"model": "admin.logentry", "pk": 7, "fields": {"action_time": "2020-02-06T12:18:28.831Z", "user": 1, "content_type": 6, "object_id": "3", "object_repr": "Nexus 5x", "action_flag": 1, "change_message": "[{\"added\": {}}]"}}, {"model": "admin.logentry", "pk": 8, "fields": {"action_time": "2020-02-06T12:18:51.369Z", "user": 1, "content_type": 6, "object_id": "4", "object_repr": "Samsung S8", "action_flag": 1, "change_message": "[{\"added\": {}}]"}}, {"model": "admin.logentry", "pk": 9, "fields": {"action_time": "2020-02-06T12:19:17.667Z", "user": 1, "content_type": 9, "object_id": "1", "object_repr": "\u0418\u0449\u0435\u0442\u0435 \u043f\u043e\u0434\u0430\u0440\u043e\u043a \u043d\u0430 \u043f\u0440\u0430\u0437\u0434\u043d\u0438\u043a\u0438?", "action_flag": 1, "change_message": "[{\"added\": {}}]"}}, {"model": "admin.logentry", "pk": 10, "fields": {"action_time": "2020-02-06T12:20:53.433Z", "user": 1, "content_type": 6, "object_id": "5", "object_repr": "iPhone 11", "action_flag": 1, "change_message": "[{\"added\": {}}]"}}, {"model": "admin.logentry", "pk": 11, "fields": {"action_time": "2020-02-06T12:21:22.928Z", "user": 1, "content_type": 6, "object_id": "6", "object_repr": "Sony Xperia 1", "action_flag": 1, "change_message": "[{\"added\": {}}]"}}, {"model": "admin.logentry", "pk": 12, "fields": {"action_time": "2020-02-06T12:21:43.537Z", "user": 1, "content_type": 6, "object_id": "7", "object_repr": "Sony XZ Premium", "action_flag": 1, "change_message": "[{\"added\": {}}]"}}, {"model": "admin.logentry", "pk": 13, "fields": {"action_time": "2020-02-06T12:22:05.928Z", "user": 1, "content_type": 6, "object_id": "8", "object_repr": "Xiaomi Note 8", "action_flag": 1, "change_message": "[{\"added\": {}}]"}}, {"model": "admin.logentry", "pk": 14, "fields": {"action_time": "2020-02-06T12:22:21.536Z", "user": 1, "content_type": 6, "object_id": "9", "object_repr": "\u0411\u0430\u043d\u0434\u0430\u043d\u0430", "action_flag": 1, "change_message": "[{\"added\": {}}]"}}, {"model": "admin.logentry", "pk": 15, "fields": {"action_time": "2020-02-06T12:22:31.537Z", "user": 1, "content_type": 6, "object_id": "10", "object_repr": "\u0420\u044e\u043a\u0437\u0430\u043a Action", "action_flag": 1, "change_message": "[{\"added\": {}}]"}}, {"model": "admin.logentry", "pk": 16, "fields": {"action_time": "2020-02-06T12:22:46.439Z", "user": 1, "content_type": 6, "object_id": "11", "object_repr": "\u0420\u044e\u043a\u0437\u0430\u043a Brauberg", "action_flag": 1, "change_message": "[{\"added\": {}}]"}}, {"model": "admin.logentry", "pk": 17, "fields": {"action_time": "2020-02-06T12:22:57.496Z", "user": 1, "content_type": 6, "object_id": "12", "object_repr": "\u0424\u0443\u0444\u0430\u0439\u043a\u0430", "action_flag": 1, "change_message": "[{\"added\": {}}]"}}, {"model": "admin.logentry", "pk": 18, "fields": {"action_time": "2020-02-06T12:23:10.857Z", "user": 1, "content_type": 6, "object_id": "13", "object_repr": "\u0425\u0443\u0434\u0438 Playstation", "action_flag": 1, "change_message": "[{\"added\": {}}]"}}, {"model": "admin.logentry", "pk": 19, "fields": {"action_time": "2020-02-06T12:23:29.041Z", "user": 1, "content_type": 6, "object_id": "14", "object_repr": "\u0424\u0443\u0442\u0431\u043e\u043b\u043a\u0430 \u0413\u0435\u0440\u043e\u0438", "action_flag": 1, "change_message": "[{\"added\": {}}]"}}, {"model": "admin.logentry", "pk": 20, "fields": {"action_time": "2020-02-06T12:23:41.584Z", "user": 1, "content_type": 6, "object_id": "15", "object_repr": "\u0424\u0443\u0442\u0431\u043e\u043b\u043a\u0430 \u041f\u0440\u043e\u0433\u0440\u0430\u043c\u043c\u0438\u0441\u0442", "action_flag": 1, "change_message": "[{\"added\": {}}]"}}, {"model": "admin.logentry", "pk": 21, "fields": {"action_time": "2020-02-06T12:23:54.831Z", "user": 1, "content_type": 6, "object_id": "16", "object_repr": "\u0424\u0443\u0442\u0431\u043e\u043b\u043a\u0430 \u041a\u043e\u0434", "action_flag": 1, "change_message": "[{\"added\": {}}]"}}, {"model": "admin.logentry", "pk": 22, "fields": {"action_time": "2020-02-06T12:24:29.947Z", "user": 1, "content_type": 6, "object_id": "17", "object_repr": "Apple Airpods 2", "action_flag": 1, "change_message": "[{\"added\": {}}]"}}, {"model": "admin.logentry", "pk": 23, "fields": {"action_time": "2020-02-06T12:24:42.579Z", "user": 1, "content_type": 6, "object_id": "18", "object_repr": "Honor Sport Pro", "action_flag": 1, "change_message": "[{\"added\": {}}]"}}, {"model": "admin.logentry", "pk": 24, "fields": {"action_time": "2020-02-06T12:25:09.808Z", "user": 1, "content_type": 6, "object_id": "19", "object_repr": "Philips Upbeat", "action_flag": 1, "change_message": "[{\"added\": {}}]"}}, {"model": "admin.logentry", "pk": 25, "fields": {"action_time": "2020-02-06T12:25:20.137Z", "user": 1, "content_type": 6, "object_id": "20", "object_repr": "Samsung Galaxy Buds", "action_flag": 1, "change_message": "[{\"added\": {}}]"}}, {"model": "admin.logentry", "pk": 26, "fields": {"action_time": "2020-02-06T12:25:32.903Z", "user": 1, "content_type": 6, "object_id": "21", "object_repr": "Sehnheiser Momentum", "action_flag": 1, "change_message": "[{\"added\": {}}]"}}, {"model": "admin.logentry", "pk": 27, "fields": {"action_time": "2020-02-06T12:25:42.624Z", "user": 1, "content_type": 6, "object_id": "22", "object_repr": "Sony WH-XB900", "action_flag": 1, "change_message": "[{\"added\": {}}]"}}, {"model": "admin.logentry", "pk": 28, "fields": {"action_time": "2020-02-06T12:25:57.798Z", "user": 1, "content_type": 6, "object_id": "23", "object_repr": "Xiaomi Redmi AirDots", "action_flag": 1, "change_message": "[{\"added\": {}}]"}}, {"model": "admin.logentry", "pk": 29, "fields": {"action_time": "2020-02-06T12:26:18.464Z", "user": 1, "content_type": 6, "object_id": "24", "object_repr": "JBL T450", "action_flag": 1, "change_message": "[{\"added\": {}}]"}}, {"model": "admin.logentry", "pk": 30, "fields": {"action_time": "2020-02-06T12:26:32.697Z", "user": 1, "content_type": 6, "object_id": "25", "object_repr": "Dell Latitude", "action_flag": 1, "change_message": "[{\"added\": {}}]"}}, {"model": "admin.logentry", "pk": 31, "fields": {"action_time": "2020-02-06T12:26:46.576Z", "user": 1, "content_type": 6, "object_id": "26", "object_repr": "Huawei MediaPad M5", "action_flag": 1, "change_message": "[{\"added\": {}}]"}}, {"model": "admin.logentry", "pk": 32, "fields": {"action_time": "2020-02-06T12:26:57.576Z", "user": 1, "content_type": 6, "object_id": "27", "object_repr": "iPad 2019", "action_flag": 1, "change_message": "[{\"added\": {}}]"}}, {"model": "admin.logentry", "pk": 33, "fields": {"action_time": "2020-02-06T12:27:14.449Z", "user": 1, "content_type": 6, "object_id": "28", "object_repr": "Lenovo Tab m10", "action_flag": 1, "change_message": "[{\"added\": {}}]"}}, {"model": "admin.logentry", "pk": 34, "fields": {"action_time": "2020-02-06T12:27:24.505Z", "user": 1, "content_type": 6, "object_id": "29", "object_repr": "Lenovo Yoga Smart Tab", "action_flag": 1, "change_message": "[{\"added\": {}}]"}}, {"model": "admin.logentry", "pk": 35, "fields": {"action_time": "2020-02-06T12:27:36.306Z", "user": 1, "content_type": 6, "object_id": "30", "object_repr": "Microsoft Surface Go", "action_flag": 1, "change_message": "[{\"added\": {}}]"}}, {"model": "admin.logentry", "pk": 36, "fields": {"action_time": "2020-02-06T12:27:50.248Z", "user": 1, "content_type": 6, "object_id": "31", "object_repr": "Samsung Galaxy Tab A", "action_flag": 1, "change_message": "[{\"added\": {}}]"}}, {"model": "admin.logentry", "pk": 37, "fields": {"action_time": "2020-02-06T12:28:05.447Z", "user": 1, "content_type": 6, "object_id": "32", "object_repr": "Xiaomi MiPad 4", "action_flag": 1, "change_message": "[{\"added\": {}}]"}}, {"model": "admin.logentry", "pk": 38, "fields": {"action_time": "2020-02-06T12:28:39.098Z", "user": 1, "content_type": 9, "object_id": "2", "object_repr": "\u0421 \u043f\u0435\u0441\u043d\u0435\u0439 \u043f\u043e \u0436\u0438\u0437\u043d\u0438!", "action_flag": 1, "change_message": "[{\"added\": {}}]"}}, {"model": "admin.logentry", "pk": 39, "fields": {"action_time": "2020-02-06T12:29:03.227Z", "user": 1, "content_type": 9, "object_id": "3", "object_repr": "\u041f\u0440\u0430\u043a\u0442\u0438\u0447\u043d\u043e \u0438 \u0443\u044e\u0442\u043d\u043e", "action_flag": 1, "change_message": "[{\"added\": {}}]"}}, {"model": "admin.logentry", "pk": 40, "fields": {"action_time": "2020-02-06T12:29:34.545Z", "user": 1, "content_type": 9, "object_id": "4", "object_repr": "\u041c\u0430\u043b\u0435\u043d\u044c\u043a\u0438\u0435 \u043f\u043e\u043c\u043e\u0449\u043d\u0438\u043a\u0438", "action_flag": 1, "change_message": "[{\"added\": {}}]"}}, {"model": "admin.logentry", "pk": 41, "fields": {"action_time": "2020-02-06T12:29:58.385Z", "user": 1, "content_type": 10, "object_id": "1", "object_repr": "admin@admin.org", "action_flag": 2, "change_message": "[{\"changed\": {\"fields\": [\"first_name\"]}}]"}}, {"model": "admin.logentry", "pk": 42, "fields": {"action_time": "2020-02-06T12:30:47.524Z", "user": 1, "content_type": 10, "object_id": "2", "object_repr": "vanya@vanya.org", "action_flag": 1, "change_message": "[{\"added\": {}}]"}}]