[{"model": "contenttypes.contenttype", "pk": 1, "fields": {"app_label": "admin", "model": "logentry"}}, {"model": "contenttypes.contenttype", "pk": 2, "fields": {"app_label": "auth", "model": "permission"}}, {"model": "contenttypes.contenttype", "pk": 3, "fields": {"app_label": "auth", "model": "group"}}, {"model": "contenttypes.contenttype", "pk": 4, "fields": {"app_label": "contenttypes", "model": "contenttype"}}, {"model": "contenttypes.contenttype", "pk": 5, "fields": {"app_label": "sessions", "model": "session"}}, {"model": "contenttypes.contenttype", "pk": 6, "fields": {"app_label": "goods", "model": "item"}}, {"model": "contenttypes.contenttype", "pk": 7, "fields": {"app_label": "goods", "model": "itemtype"}}, {"model": "contenttypes.contenttype", "pk": 8, "fields": {"app_label": "goods", "model": "review"}}, {"model": "contenttypes.contenttype", "pk": 9, "fields": {"app_label": "index_page", "model": "offer"}}, {"model": "contenttypes.contenttype", "pk": 10, "fields": {"app_label": "users", "model": "user"}}, {"model": "contenttypes.contenttype", "pk": 11, "fields": {"app_label": "users", "model": "order"}}, {"model": "contenttypes.contenttype", "pk": 12, "fields": {"app_label": "users", "model": "orderposition"}}, {"model": "sessions.session", "pk": "2aalrnx3j15vyhssh8qxkdsrogfvjtfm", "fields": {"session_data": "NjdjMmQyYmM1NGI4ZWM5ZDgwM2M2YzAzZTA4NzA5ZTM0MzgzYjM2Zjp7Il9hdXRoX3VzZXJfaWQiOiIxIiwiX2F1dGhfdXNlcl9iYWNrZW5kIjoiZGphbmdvLmNvbnRyaWIuYXV0aC5iYWNrZW5kcy5Nb2RlbEJhY2tlbmQiLCJfYXV0aF91c2VyX2hhc2giOiJlZDZkZjkwYTEwYWM3OWM1ZDVkNGJhOTdjMjZjOWZlYzYzYTRkMjQ1In0=", "expire_date": "2020-02-18T08:45:19.849Z"}}, {"model": "sessions.session", "pk": "5ndsdzihzxdkaj9jhtkt66jwegwt8d2g", "fields": {"session_data": "NjdjMmQyYmM1NGI4ZWM5ZDgwM2M2YzAzZTA4NzA5ZTM0MzgzYjM2Zjp7Il9hdXRoX3VzZXJfaWQiOiIxIiwiX2F1dGhfdXNlcl9iYWNrZW5kIjoiZGphbmdvLmNvbnRyaWIuYXV0aC5iYWNrZW5kcy5Nb2RlbEJhY2tlbmQiLCJfYXV0aF91c2VyX2hhc2giOiJlZDZkZjkwYTEwYWM3OWM1ZDVkNGJhOTdjMjZjOWZlYzYzYTRkMjQ1In0=", "expire_date": "2020-02-18T10:06:56.400Z"}}, {"model": "sessions.session", "pk": "zya7y46ai46dhpcqaeqgzfvx7mynegj0", "fields": {"session_data": "MDU0MzVjMjA0ZDczNzRjMGIyOGRmMjRkZGEzOTMzYjJmNWI4NDEwOTp7Il9hdXRoX3VzZXJfaWQiOiIzIiwiX2F1dGhfdXNlcl9iYWNrZW5kIjoiZGphbmdvLmNvbnRyaWIuYXV0aC5iYWNrZW5kcy5Nb2RlbEJhY2tlbmQiLCJfYXV0aF91c2VyX2hhc2giOiJkNGFkNzJkNjAzN2RmZjQ2NTBjOGYzZWIwYjNmNWVjOTRiZmFhMDZkIn0=", "expire_date": "2020-02-18T18:40:32.697Z"}}, {"model": "goods.item", "pk": 1, "fields": {"name": "Nexus 5x", "image": "photos/nexus5x.webp", "description": "Nexus 5x", "type": 1, "name_slug": "nexus-5x", "add_time": "2020-02-04T09:14:38Z"}}, {"model": "goods.item", "pk": 2, "fields": {"name": "iPhone 7", "image": "photos/iphone7.webp", "description": "iPhone 7", "type": 1, "name_slug": "iphone-7", "add_time": "2020-02-04T09:15:30Z"}}, {"model": "goods.item", "pk": 3, "fields": {"name": "Pixel 2", "image": "photos/pixel2.webp", "description": "Pixel 2", "type": 1, "name_slug": "pixel-2", "add_time": "2020-02-04T09:21:40Z"}}, {"model": "goods.item", "pk": 4, "fields": {"name": "Samsung S8", "image": "photos/samsungs8.webp", "description": "Samsung S8", "type": 1, "name_slug": "samsung-s8", "add_time": "2020-02-04T09:21:58Z"}}, {"model": "goods.item", "pk": 5, "fields": {"name": "iPhone 11", "image": "photos/iphone11.png", "description": "iPhone 11", "type": 1, "name_slug": "iphone-11", "add_time": "2020-02-04T09:22:22Z"}}, {"model": "goods.item", "pk": 6, "fields": {"name": "Sony Xperia 1", "image": "photos/sony_xperia1.png", "description": "Sony Xperia 1", "type": 1, "name_slug": "sony-xperia-1", "add_time": "2020-02-04T09:22:44Z"}}, {"model": "goods.item", "pk": 7, "fields": {"name": "Xiaomi Note 8", "image": "photos/xiaomi_redmi_note8.png", "description": "Xiaomi Note 8", "type": 1, "name_slug": "xiaomi-note-8", "add_time": "2020-02-04T09:23:09Z"}}, {"model": "goods.item", "pk": 8, "fields": {"name": "Sony XZ Premium", "image": "photos/xz_premium.png", "description": "Sony XZ Premium", "type": 1, "name_slug": "sony-xz-premium", "add_time": "2020-02-04T09:23:31Z"}}, {"model": "goods.item", "pk": 9, "fields": {"name": "\u0411\u0430\u043d\u0434\u0430\u043d\u0430", "image": "photos/bandana.png", "description": "\u0411\u0430\u043d\u0434\u0430\u043d\u0430", "type": 2, "name_slug": "bandana", "add_time": "2020-02-04T09:23:52Z"}}, {"model": "goods.item", "pk": 10, "fields": {"name": "\u0420\u044e\u043a\u0437\u0430\u043a Action", "image": "photos/bp_action.png", "description": "\u0420\u044e\u043a\u0437\u0430\u043a Action", "type": 2, "name_slug": "ryukzak-action", "add_time": "2020-02-04T09:24:10Z"}}, {"model": "goods.item", "pk": 11, "fields": {"name": "\u0420\u044e\u043a\u0437\u0430\u043a Brauberg", "image": "photos/bp_brauberg.png", "description": "\u0420\u044e\u043a\u0437\u0430\u043a Brauberg", "type": 2, "name_slug": "ryukzak-brauberg", "add_time": "2020-02-04T09:24:31Z"}}, {"model": "goods.item", "pk": 12, "fields": {"name": "\u0424\u0443\u0444\u0430\u0439\u043a\u0430", "image": "photos/fufajka.jpg", "description": "\u0424\u0443\u0444\u0430\u0439\u043a\u0430", "type": 2, "name_slug": "fufajka", "add_time": "2020-02-04T09:24:51Z"}}, {"model": "goods.item", "pk": 13, "fields": {"name": "\u0425\u0443\u0434\u0438 Playstation", "image": "photos/hoody_playstation.png", "description": "\u0425\u0443\u0434\u0438 Playstation", "type": 2, "name_slug": "hudi-playstation", "add_time": "2020-02-04T09:25:05Z"}}, {"model": "goods.item", "pk": 14, "fields": {"name": "\u0424\u0443\u0442\u0431\u043e\u043b\u043a\u0430 \u0413\u0435\u0440\u043e\u0438 3", "image": "photos/tshirt_heroes.png", "description": "\u0424\u0443\u0442\u0431\u043e\u043b\u043a\u0430 \u0413\u0435\u0440\u043e\u0438 3", "type": 2, "name_slug": "futbolka-geroi-3", "add_time": "2020-02-04T09:25:26Z"}}, {"model": "goods.item", "pk": 15, "fields": {"name": "\u0424\u0443\u0442\u0431\u043e\u043b\u043a\u0430 \u041f\u0440\u043e\u0433\u0440\u0430\u043c\u043c\u0438\u0441\u0442", "image": "photos/tshirt_prog2.png", "description": "\u0424\u0443\u0442\u0431\u043e\u043b\u043a\u0430 \u041f\u0440\u043e\u0433\u0440\u0430\u043c\u043c\u0438\u0441\u0442", "type": 2, "name_slug": "futbolka-programmist", "add_time": "2020-02-04T09:25:55Z"}}, {"model": "goods.item", "pk": 16, "fields": {"name": "\u0424\u0443\u0442\u0431\u043e\u043b\u043a\u0430 \u041a\u043e\u0434", "image": "photos/tshirt_programmer.png", "description": "\u0424\u0443\u0442\u0431\u043e\u043b\u043a\u0430 \u041a\u043e\u0434", "type": 2, "name_slug": "futbolka-kod", "add_time": "2020-02-04T09:26:16Z"}}, {"model": "goods.item", "pk": 17, "fields": {"name": "Dell Latitude", "image": "photos/dell_latitude.png", "description": "Dell Latitude", "type": 3, "name_slug": "dell-latitude", "add_time": "2020-02-04T09:26:38Z"}}, {"model": "goods.item", "pk": 18, "fields": {"name": "Huawei MediaPad M5", "image": "photos/huawei_mediapadM5.png", "description": "Huawei MediaPad M5", "type": 3, "name_slug": "huawei-mediapad-m5", "add_time": "2020-02-04T09:27:09Z"}}, {"model": "goods.item", "pk": 19, "fields": {"name": "iPad 2019", "image": "photos/ipad2019.png", "description": "iPad 2019", "type": 3, "name_slug": "ipad-2019", "add_time": "2020-02-04T09:28:23Z"}}, {"model": "goods.item", "pk": 20, "fields": {"name": "Lenovo Tab m10", "image": "photos/lenovo_tab_m10.png", "description": "Lenovo Tab m10", "type": 3, "name_slug": "lenovo-tab-m10", "add_time": "2020-02-04T09:28:39Z"}}, {"model": "goods.item", "pk": 21, "fields": {"name": "Lenovo Yoga SmartTab", "image": "photos/lenovo_yoga_smart_tab.png", "description": "Lenovo Yoga SmartTab", "type": 3, "name_slug": "lenovo-yoga-smarttab", "add_time": "2020-02-04T09:28:58Z"}}, {"model": "goods.item", "pk": 22, "fields": {"name": "MS Surface Go", "image": "photos/ms_surface_go.png", "description": "MS Surface Go", "type": 3, "name_slug": "ms-surface-go", "add_time": "2020-02-04T09:29:13Z"}}, {"model": "goods.item", "pk": 23, "fields": {"name": "Samsung GalaxyTab A", "image": "photos/samsung_galaxytab_A.png", "description": "Samsung GalaxyTab A", "type": 3, "name_slug": "samsung-galaxytab", "add_time": "2020-02-04T09:29:34Z"}}, {"model": "goods.item", "pk": 24, "fields": {"name": "Xiaom MiPad 4", "image": "photos/xiaomi_mipad4.png", "description": "Xiaom MiPad 4", "type": 3, "name_slug": "xiaom-mipad-4", "add_time": "2020-02-04T09:29:54Z"}}, {"model": "goods.item", "pk": 25, "fields": {"name": "Apple Airpods 2", "image": "photos/apple_airpods2.png", "description": "Apple Airpods 2", "type": 4, "name_slug": "apple-airpods-2", "add_time": "2020-02-04T09:30:20Z"}}, {"model": "goods.item", "pk": 26, "fields": {"name": "Honor Sport Pro", "image": "photos/honor_sport_pro.png", "description": "Honor Sport Pro", "type": 4, "name_slug": "honor-sport-pro", "add_time": "2020-02-04T09:30:33Z"}}, {"model": "goods.item", "pk": 27, "fields": {"name": "JBL T450", "image": "photos/jbl_t450.png", "description": "JBL T450", "type": 4, "name_slug": "jbl-t450", "add_time": "2020-02-04T09:30:47Z"}}, {"model": "goods.item", "pk": 28, "fields": {"name": "Philips Upbeat", "image": "photos/philips_upbeat.png", "description": "Philips Upbeat", "type": 4, "name_slug": "philips-upbeat", "add_time": "2020-02-04T09:31:04Z"}}, {"model": "goods.item", "pk": 29, "fields": {"name": "Samsung Galaxy Buds", "image": "photos/samsung_galaxy_buds.png", "description": "Samsung Galaxy Buds", "type": 4, "name_slug": "samsung-galaxy-buds", "add_time": "2020-02-04T09:31:22Z"}}, {"model": "goods.item", "pk": 30, "fields": {"name": "Sony WH-XB900", "image": "photos/sony_wh-xb900.png", "description": "Sony WH-XB900", "type": 4, "name_slug": "sony-wh-xb900", "add_time": "2020-02-04T09:31:51Z"}}, {"model": "goods.item", "pk": 31, "fields": {"name": "Sehnheiser Momentum", "image": "photos/sehnheiser_momentum.png", "description": "Sehnheiser Momentum", "type": 4, "name_slug": "sehnheiser-momentum", "add_time": "2020-02-04T09:32:10Z"}}, {"model": "goods.item", "pk": 32, "fields": {"name": "Xiaomi AirDots", "image": "photos/xiaomi_redmi_airdots.png", "description": "Xiaomi AirDots", "type": 4, "name_slug": "xiaomi-airdots", "add_time": "2020-02-04T09:32:28Z"}}, {"model": "goods.itemtype", "pk": 1, "fields": {"item_type": "phones", "name": "\u0421\u043c\u0430\u0440\u0442\u0444\u043e\u043d\u044b"}}, {"model": "goods.itemtype", "pk": 2, "fields": {"item_type": "accessoires", "name": "\u0410\u043a\u0441\u0435\u0441\u0441\u0443\u0430\u0440\u044b"}}, {"model": "goods.itemtype", "pk": 3, "fields": {"item_type": "tablets", "name": "\u041f\u043b\u0430\u043d\u0448\u0435\u0442\u044b"}}, {"model": "goods.itemtype", "pk": 4, "fields": {"item_type": "headphones", "name": "\u041d\u0430\u0443\u0448\u043d\u0438\u043a\u0438"}}, {"model": "index_page.offer", "pk": 1, "fields": {"headline": "\u0418\u0449\u0435\u0442\u0435 \u043f\u043e\u0434\u0430\u0440\u043e\u043a \u0431\u043b\u0438\u0437\u043a\u0438\u043c?", "sub_line": "\u041b\u0443\u0447\u0448\u0438\u0435 \u0442\u0435\u043b\u0435\u0444\u043e\u043d\u044b \u0443\u0436\u0435 \u0443 \u043d\u0430\u0441", "category": 1, "add_date": "2020-02-04T09:16:41Z"}}, {"model": "index_page.offer", "pk": 2, "fields": {"headline": "\u0421\u043e\u0433\u0440\u0435\u0435\u043c \u0432 \u0445\u043e\u043b\u043e\u0434\u0430 \u0438 \u0434\u043e\u0431\u0430\u0432\u0438\u043c \u0441\u0442\u0438\u043b\u044f", "sub_line": "\u0423\u0434\u043e\u0431\u043d\u0430\u044f \u043e\u0434\u0435\u0436\u0434\u0430 \u0438 \u0432\u043c\u0435\u0441\u0442\u0438\u0442\u0435\u043b\u044c\u043d\u044b\u0435 \u0440\u044e\u043a\u0437\u0430\u043a\u0438", "category": 2, "add_date": "2020-02-04T09:32:56Z"}}, {"model": "index_page.offer", "pk": 3, "fields": {"headline": "\u0414\u043b\u044f \u0443\u0447\u0451\u0431\u044b, \u0440\u0430\u0431\u043e\u0442\u044b \u0438 \u0441\u0435\u0440\u0438\u0430\u043b\u043e\u0432", "sub_line": "\u041d\u0430\u0439\u0434\u0451\u043c \u043f\u043b\u0430\u043d\u0448\u0435\u0442 \u0434\u043b\u044f \u043a\u0430\u0436\u0434\u043e\u0433\u043e", "category": 3, "add_date": "2020-02-04T09:34:19Z"}}, {"model": "index_page.offer", "pk": 4, "fields": {"headline": "\u0421 \u043f\u0435\u0441\u043d\u0435\u0439 \u043f\u043e \u0436\u0438\u0437\u043d\u0438!", "sub_line": "\u0412\u043e\u0437\u044c\u043c\u0438\u0442\u0435 \u043c\u0443\u0437\u044b\u043a\u0443 \u0432 \u0434\u043e\u0440\u043e\u0433\u0443", "category": 4, "add_date": "2020-02-04T09:34:48Z"}}, {"model": "auth.permission", "pk": 1, "fields": {"name": "Can add log entry", "content_type": 1, "codename": "add_logentry"}}, {"model": "auth.permission", "pk": 2, "fields": {"name": "Can change log entry", "content_type": 1, "codename": "change_logentry"}}, {"model": "auth.permission", "pk": 3, "fields": {"name": "Can delete log entry", "content_type": 1, "codename": "delete_logentry"}}, {"model": "auth.permission", "pk": 4, "fields": {"name": "Can view log entry", "content_type": 1, "codename": "view_logentry"}}, {"model": "auth.permission", "pk": 5, "fields": {"name": "Can add permission", "content_type": 2, "codename": "add_permission"}}, {"model": "auth.permission", "pk": 6, "fields": {"name": "Can change permission", "content_type": 2, "codename": "change_permission"}}, {"model": "auth.permission", "pk": 7, "fields": {"name": "Can delete permission", "content_type": 2, "codename": "delete_permission"}}, {"model": "auth.permission", "pk": 8, "fields": {"name": "Can view permission", "content_type": 2, "codename": "view_permission"}}, {"model": "auth.permission", "pk": 9, "fields": {"name": "Can add group", "content_type": 3, "codename": "add_group"}}, {"model": "auth.permission", "pk": 10, "fields": {"name": "Can change group", "content_type": 3, "codename": "change_group"}}, {"model": "auth.permission", "pk": 11, "fields": {"name": "Can delete group", "content_type": 3, "codename": "delete_group"}}, {"model": "auth.permission", "pk": 12, "fields": {"name": "Can view group", "content_type": 3, "codename": "view_group"}}, {"model": "auth.permission", "pk": 13, "fields": {"name": "Can add content type", "content_type": 4, "codename": "add_contenttype"}}, {"model": "auth.permission", "pk": 14, "fields": {"name": "Can change content type", "content_type": 4, "codename": "change_contenttype"}}, {"model": "auth.permission", "pk": 15, "fields": {"name": "Can delete content type", "content_type": 4, "codename": "delete_contenttype"}}, {"model": "auth.permission", "pk": 16, "fields": {"name": "Can view content type", "content_type": 4, "codename": "view_contenttype"}}, {"model": "auth.permission", "pk": 17, "fields": {"name": "Can add session", "content_type": 5, "codename": "add_session"}}, {"model": "auth.permission", "pk": 18, "fields": {"name": "Can change session", "content_type": 5, "codename": "change_session"}}, {"model": "auth.permission", "pk": 19, "fields": {"name": "Can delete session", "content_type": 5, "codename": "delete_session"}}, {"model": "auth.permission", "pk": 20, "fields": {"name": "Can view session", "content_type": 5, "codename": "view_session"}}, {"model": "auth.permission", "pk": 21, "fields": {"name": "Can add \u0442\u043e\u0432\u0430\u0440", "content_type": 6, "codename": "add_item"}}, {"model": "auth.permission", "pk": 22, "fields": {"name": "Can change \u0442\u043e\u0432\u0430\u0440", "content_type": 6, "codename": "change_item"}}, {"model": "auth.permission", "pk": 23, "fields": {"name": "Can delete \u0442\u043e\u0432\u0430\u0440", "content_type": 6, "codename": "delete_item"}}, {"model": "auth.permission", "pk": 24, "fields": {"name": "Can view \u0442\u043e\u0432\u0430\u0440", "content_type": 6, "codename": "view_item"}}, {"model": "auth.permission", "pk": 25, "fields": {"name": "Can add \u043a\u0430\u0442\u0435\u0433\u043e\u0440\u0438\u044f \u0442\u043e\u0432\u0430\u0440\u0430", "content_type": 7, "codename": "add_itemtype"}}, {"model": "auth.permission", "pk": 26, "fields": {"name": "Can change \u043a\u0430\u0442\u0435\u0433\u043e\u0440\u0438\u044f \u0442\u043e\u0432\u0430\u0440\u0430", "content_type": 7, "codename": "change_itemtype"}}, {"model": "auth.permission", "pk": 27, "fields": {"name": "Can delete \u043a\u0430\u0442\u0435\u0433\u043e\u0440\u0438\u044f \u0442\u043e\u0432\u0430\u0440\u0430", "content_type": 7, "codename": "delete_itemtype"}}, {"model": "auth.permission", "pk": 28, "fields": {"name": "Can view \u043a\u0430\u0442\u0435\u0433\u043e\u0440\u0438\u044f \u0442\u043e\u0432\u0430\u0440\u0430", "content_type": 7, "codename": "view_itemtype"}}, {"model": "auth.permission", "pk": 29, "fields": {"name": "Can add review", "content_type": 8, "codename": "add_review"}}, {"model": "auth.permission", "pk": 30, "fields": {"name": "Can change review", "content_type": 8, "codename": "change_review"}}, {"model": "auth.permission", "pk": 31, "fields": {"name": "Can delete review", "content_type": 8, "codename": "delete_review"}}, {"model": "auth.permission", "pk": 32, "fields": {"name": "Can view review", "content_type": 8, "codename": "view_review"}}, {"model": "auth.permission", "pk": 33, "fields": {"name": "Can add offer", "content_type": 9, "codename": "add_offer"}}, {"model": "auth.permission", "pk": 34, "fields": {"name": "Can change offer", "content_type": 9, "codename": "change_offer"}}, {"model": "auth.permission", "pk": 35, "fields": {"name": "Can delete offer", "content_type": 9, "codename": "delete_offer"}}, {"model": "auth.permission", "pk": 36, "fields": {"name": "Can view offer", "content_type": 9, "codename": "view_offer"}}, {"model": "auth.permission", "pk": 37, "fields": {"name": "Can add \u043f\u043e\u043b\u044c\u0437\u043e\u0432\u0430\u0442\u0435\u043b\u044c", "content_type": 10, "codename": "add_user"}}, {"model": "auth.permission", "pk": 38, "fields": {"name": "Can change \u043f\u043e\u043b\u044c\u0437\u043e\u0432\u0430\u0442\u0435\u043b\u044c", "content_type": 10, "codename": "change_user"}}, {"model": "auth.permission", "pk": 39, "fields": {"name": "Can delete \u043f\u043e\u043b\u044c\u0437\u043e\u0432\u0430\u0442\u0435\u043b\u044c", "content_type": 10, "codename": "delete_user"}}, {"model": "auth.permission", "pk": 40, "fields": {"name": "Can view \u043f\u043e\u043b\u044c\u0437\u043e\u0432\u0430\u0442\u0435\u043b\u044c", "content_type": 10, "codename": "view_user"}}, {"model": "auth.permission", "pk": 41, "fields": {"name": "Can add \u0437\u0430\u043a\u0430\u0437", "content_type": 11, "codename": "add_order"}}, {"model": "auth.permission", "pk": 42, "fields": {"name": "Can change \u0437\u0430\u043a\u0430\u0437", "content_type": 11, "codename": "change_order"}}, {"model": "auth.permission", "pk": 43, "fields": {"name": "Can delete \u0437\u0430\u043a\u0430\u0437", "content_type": 11, "codename": "delete_order"}}, {"model": "auth.permission", "pk": 44, "fields": {"name": "Can view \u0437\u0430\u043a\u0430\u0437", "content_type": 11, "codename": "view_order"}}, {"model": "auth.permission", "pk": 45, "fields": {"name": "Can add \u043f\u043e\u0437\u0438\u0446\u0438\u044f", "content_type": 12, "codename": "add_orderposition"}}, {"model": "auth.permission", "pk": 46, "fields": {"name": "Can change \u043f\u043e\u0437\u0438\u0446\u0438\u044f", "content_type": 12, "codename": "change_orderposition"}}, {"model": "auth.permission", "pk": 47, "fields": {"name": "Can delete \u043f\u043e\u0437\u0438\u0446\u0438\u044f", "content_type": 12, "codename": "delete_orderposition"}}, {"model": "auth.permission", "pk": 48, "fields": {"name": "Can view \u043f\u043e\u0437\u0438\u0446\u0438\u044f", "content_type": 12, "codename": "view_orderposition"}}, {"model": "users.user", "pk": 1, "fields": {"password": "pbkdf2_sha256$150000$fVD23QNhqYeN$EvqPDgoDBEG5K3uVXLOm2/8k3/srp7XXAMm52wBKLPM=", "last_login": "2020-02-04T10:06:56.316Z", "is_superuser": true, "first_name": "admin", "last_name": "", "is_staff": true, "is_active": true, "date_joined": "2020-02-04T08:44:52Z", "email": "admin@admin.org", "groups": [], "user_permissions": []}}, {"model": "users.user", "pk": 2, "fields": {"password": "pbkdf2_sha256$150000$e4FVY1NI5BBC$O7QcKxh25VNOJKUerjTUd1XUuiWKFUaqTqDl7C9F3Es=", "last_login": "2020-02-04T17:23:02.652Z", "is_superuser": false, "first_name": "\u041f\u0435\u0442\u044f", "last_name": "\u0418\u0432\u0430\u043d\u043e\u0432", "is_staff": false, "is_active": true, "date_joined": "2020-02-04T10:33:14.868Z", "email": "petya@petya.org", "groups": [], "user_permissions": []}}, {"model": "users.user", "pk": 3, "fields": {"password": "pbkdf2_sha256$150000$URyVXAKVPP0w$c8J5GC4t8mAqBXJ7dxH8uCfJ3jht1BcJd/27b8txZcI=", "last_login": "2020-02-04T18:40:32.586Z", "is_superuser": false, "first_name": "\u0412\u0430\u043d\u044f", "last_name": "\u0421\u0438\u0434\u043e\u0440\u043e\u0432", "is_staff": false, "is_active": true, "date_joined": "2020-02-04T10:34:33.729Z", "email": "vanya@vanya.org", "groups": [], "user_permissions": []}}, {"model": "users.user", "pk": 4, "fields": {"password": "pbkdf2_sha256$150000$DkONVYUleBZz$5bEVfpAKQG7Q9oVB8OtnoV0WkGPnp9J5jZ51dVGc7Ew=", "last_login": null, "is_superuser": false, "first_name": "\u0421\u0435\u0440\u0435\u0436\u0430", "last_name": "\u041f\u0435\u0442\u0440\u043e\u0432", "is_staff": false, "is_active": true, "date_joined": "2020-02-04T10:35:36.448Z", "email": "serge@business.com", "groups": [], "user_permissions": []}}, {"model": "goods.review", "pk": 1, "fields": {"author": 3, "reviewed_item": 14, "review_text": "\u0425\u043e\u0440\u043e\u0448\u0438\u0439 \u043e\u0442\u0437\u044b\u0432", "rating": 4}}, {"model": "goods.review", "pk": 2, "fields": {"author": 4, "reviewed_item": 14, "review_text": "\u041f\u043b\u043e\u0445\u043e\u0439 \u043e\u0442\u0437\u044b\u0432", "rating": 1}}, {"model": "goods.review", "pk": 3, "fields": {"author": 2, "reviewed_item": 31, "review_text": "\u041d\u0438\u0447\u0435\u0433\u043e \u0442\u0430\u043a\u0438\u0435", "rating": 4}}, {"model": "goods.review", "pk": 4, "fields": {"author": 3, "reviewed_item": 31, "review_text": "\u0423\u0448\u043a\u0438 \u0442\u043e\u043f\u0447\u0438\u043a", "rating": 5}}, {"model": "goods.review", "pk": 5, "fields": {"author": 3, "reviewed_item": 8, "review_text": "\u0421\u0442\u0438\u043b\u044c\u043d\u044b\u0439 \u0438 \u0447\u043e\u0442\u043a\u0438\u0439", "rating": 5}}, {"model": "admin.logentry", "pk": 1, "fields": {"action_time": "2020-02-04T08:45:36.359Z", "user": 1, "content_type": 10, "object_id": "1", "object_repr": "admin@admin.org", "action_flag": 2, "change_message": "[{\"changed\": {\"fields\": [\"first_name\"]}}]"}}, {"model": "admin.logentry", "pk": 2, "fields": {"action_time": "2020-02-04T09:13:42.842Z", "user": 1, "content_type": 7, "object_id": "1", "object_repr": "phones", "action_flag": 1, "change_message": "[{\"added\": {}}]"}}, {"model": "admin.logentry", "pk": 3, "fields": {"action_time": "2020-02-04T09:14:01.662Z", "user": 1, "content_type": 7, "object_id": "2", "object_repr": "accessoires", "action_flag": 1, "change_message": "[{\"added\": {}}]"}}, {"model": "admin.logentry", "pk": 4, "fields": {"action_time": "2020-02-04T09:14:14.960Z", "user": 1, "content_type": 7, "object_id": "3", "object_repr": "tablets", "action_flag": 1, "change_message": "[{\"added\": {}}]"}}, {"model": "admin.logentry", "pk": 5, "fields": {"action_time": "2020-02-04T09:14:28.918Z", "user": 1, "content_type": 7, "object_id": "4", "object_repr": "headphones", "action_flag": 1, "change_message": "[{\"added\": {}}]"}}, {"model": "admin.logentry", "pk": 6, "fields": {"action_time": "2020-02-04T09:15:29.931Z", "user": 1, "content_type": 6, "object_id": "1", "object_repr": "Nexus 5x", "action_flag": 1, "change_message": "[{\"added\": {}}]"}}, {"model": "admin.logentry", "pk": 7, "fields": {"action_time": "2020-02-04T09:16:04.043Z", "user": 1, "content_type": 6, "object_id": "2", "object_repr": "iPhone 7", "action_flag": 1, "change_message": "[{\"added\": {}}]"}}, {"model": "admin.logentry", "pk": 8, "fields": {"action_time": "2020-02-04T09:17:08.318Z", "user": 1, "content_type": 9, "object_id": "1", "object_repr": "\u0418\u0449\u0435\u0442\u0435 \u043f\u043e\u0434\u0430\u0440\u043e\u043a \u0431\u043b\u0438\u0437\u043a\u0438\u043c?", "action_flag": 1, "change_message": "[{\"added\": {}}]"}}, {"model": "admin.logentry", "pk": 9, "fields": {"action_time": "2020-02-04T09:21:57.990Z", "user": 1, "content_type": 6, "object_id": "3", "object_repr": "Pixel 2", "action_flag": 1, "change_message": "[{\"added\": {}}]"}}, {"model": "admin.logentry", "pk": 10, "fields": {"action_time": "2020-02-04T09:22:21.959Z", "user": 1, "content_type": 6, "object_id": "4", "object_repr": "Samsung S8", "action_flag": 1, "change_message": "[{\"added\": {}}]"}}, {"model": "admin.logentry", "pk": 11, "fields": {"action_time": "2020-02-04T09:22:44.447Z", "user": 1, "content_type": 6, "object_id": "5", "object_repr": "iPhone 11", "action_flag": 1, "change_message": "[{\"added\": {}}]"}}, {"model": "admin.logentry", "pk": 12, "fields": {"action_time": "2020-02-04T09:23:09.425Z", "user": 1, "content_type": 6, "object_id": "6", "object_repr": "Sony Xperia 1", "action_flag": 1, "change_message": "[{\"added\": {}}]"}}, {"model": "admin.logentry", "pk": 13, "fields": {"action_time": "2020-02-04T09:23:31.735Z", "user": 1, "content_type": 6, "object_id": "7", "object_repr": "Xiaomi Note 8", "action_flag": 1, "change_message": "[{\"added\": {}}]"}}, {"model": "admin.logentry", "pk": 14, "fields": {"action_time": "2020-02-04T09:23:46.793Z", "user": 1, "content_type": 6, "object_id": "8", "object_repr": "Sony XZ Premium", "action_flag": 1, "change_message": "[{\"added\": {}}]"}}, {"model": "admin.logentry", "pk": 15, "fields": {"action_time": "2020-02-04T09:24:10.254Z", "user": 1, "content_type": 6, "object_id": "9", "object_repr": "\u0411\u0430\u043d\u0434\u0430\u043d\u0430", "action_flag": 1, "change_message": "[{\"added\": {}}]"}}, {"model": "admin.logentry", "pk": 16, "fields": {"action_time": "2020-02-04T09:24:31.282Z", "user": 1, "content_type": 6, "object_id": "10", "object_repr": "\u0420\u044e\u043a\u0437\u0430\u043a Action", "action_flag": 1, "change_message": "[{\"added\": {}}]"}}, {"model": "admin.logentry", "pk": 17, "fields": {"action_time": "2020-02-04T09:24:51.134Z", "user": 1, "content_type": 6, "object_id": "11", "object_repr": "\u0420\u044e\u043a\u0437\u0430\u043a Brauberg", "action_flag": 1, "change_message": "[{\"added\": {}}]"}}, {"model": "admin.logentry", "pk": 18, "fields": {"action_time": "2020-02-04T09:25:05.717Z", "user": 1, "content_type": 6, "object_id": "12", "object_repr": "\u0424\u0443\u0444\u0430\u0439\u043a\u0430", "action_flag": 1, "change_message": "[{\"added\": {}}]"}}, {"model": "admin.logentry", "pk": 19, "fields": {"action_time": "2020-02-04T09:25:26.241Z", "user": 1, "content_type": 6, "object_id": "13", "object_repr": "\u0425\u0443\u0434\u0438 Playstation", "action_flag": 1, "change_message": "[{\"added\": {}}]"}}, {"model": "admin.logentry", "pk": 20, "fields": {"action_time": "2020-02-04T09:25:54.898Z", "user": 1, "content_type": 6, "object_id": "14", "object_repr": "\u0424\u0443\u0442\u0431\u043e\u043b\u043a\u0430 \u0413\u0435\u0440\u043e\u0438 3", "action_flag": 1, "change_message": "[{\"added\": {}}]"}}, {"model": "admin.logentry", "pk": 21, "fields": {"action_time": "2020-02-04T09:26:15.877Z", "user": 1, "content_type": 6, "object_id": "15", "object_repr": "\u0424\u0443\u0442\u0431\u043e\u043b\u043a\u0430 \u041f\u0440\u043e\u0433\u0440\u0430\u043c\u043c\u0438\u0441\u0442", "action_flag": 1, "change_message": "[{\"added\": {}}]"}}, {"model": "admin.logentry", "pk": 22, "fields": {"action_time": "2020-02-04T09:26:28.043Z", "user": 1, "content_type": 6, "object_id": "16", "object_repr": "\u0424\u0443\u0442\u0431\u043e\u043b\u043a\u0430 \u041a\u043e\u0434", "action_flag": 1, "change_message": "[{\"added\": {}}]"}}, {"model": "admin.logentry", "pk": 23, "fields": {"action_time": "2020-02-04T09:27:09.216Z", "user": 1, "content_type": 6, "object_id": "17", "object_repr": "Dell Latitude", "action_flag": 1, "change_message": "[{\"added\": {}}]"}}, {"model": "admin.logentry", "pk": 24, "fields": {"action_time": "2020-02-04T09:28:22.804Z", "user": 1, "content_type": 6, "object_id": "18", "object_repr": "Huawei MediaPad M5", "action_flag": 1, "change_message": "[{\"added\": {}}]"}}, {"model": "admin.logentry", "pk": 25, "fields": {"action_time": "2020-02-04T09:28:39.361Z", "user": 1, "content_type": 6, "object_id": "19", "object_repr": "iPad 2019", "action_flag": 1, "change_message": "[{\"added\": {}}]"}}, {"model": "admin.logentry", "pk": 26, "fields": {"action_time": "2020-02-04T09:28:58.551Z", "user": 1, "content_type": 6, "object_id": "20", "object_repr": "Lenovo Tab m10", "action_flag": 1, "change_message": "[{\"added\": {}}]"}}, {"model": "admin.logentry", "pk": 27, "fields": {"action_time": "2020-02-04T09:29:13.636Z", "user": 1, "content_type": 6, "object_id": "21", "object_repr": "Lenovo Yoga SmartTab", "action_flag": 1, "change_message": "[{\"added\": {}}]"}}, {"model": "admin.logentry", "pk": 28, "fields": {"action_time": "2020-02-04T09:29:33.884Z", "user": 1, "content_type": 6, "object_id": "22", "object_repr": "MS Surface Go", "action_flag": 1, "change_message": "[{\"added\": {}}]"}}, {"model": "admin.logentry", "pk": 29, "fields": {"action_time": "2020-02-04T09:29:54.474Z", "user": 1, "content_type": 6, "object_id": "23", "object_repr": "Samsung GalaxyTab A", "action_flag": 1, "change_message": "[{\"added\": {}}]"}}, {"model": "admin.logentry", "pk": 30, "fields": {"action_time": "2020-02-04T09:30:14.498Z", "user": 1, "content_type": 6, "object_id": "24", "object_repr": "Xiaom MiPad 4", "action_flag": 1, "change_message": "[{\"added\": {}}]"}}, {"model": "admin.logentry", "pk": 31, "fields": {"action_time": "2020-02-04T09:30:33.681Z", "user": 1, "content_type": 6, "object_id": "25", "object_repr": "Apple Airpods 2", "action_flag": 1, "change_message": "[{\"added\": {}}]"}}, {"model": "admin.logentry", "pk": 32, "fields": {"action_time": "2020-02-04T09:30:47.413Z", "user": 1, "content_type": 6, "object_id": "26", "object_repr": "Honor Sport Pro", "action_flag": 1, "change_message": "[{\"added\": {}}]"}}, {"model": "admin.logentry", "pk": 33, "fields": {"action_time": "2020-02-04T09:31:03.979Z", "user": 1, "content_type": 6, "object_id": "27", "object_repr": "JBL T450", "action_flag": 1, "change_message": "[{\"added\": {}}]"}}, {"model": "admin.logentry", "pk": 34, "fields": {"action_time": "2020-02-04T09:31:22.144Z", "user": 1, "content_type": 6, "object_id": "28", "object_repr": "Philips Upbeat", "action_flag": 1, "change_message": "[{\"added\": {}}]"}}, {"model": "admin.logentry", "pk": 35, "fields": {"action_time": "2020-02-04T09:31:51.260Z", "user": 1, "content_type": 6, "object_id": "29", "object_repr": "Samsung Galaxy Buds", "action_flag": 1, "change_message": "[{\"added\": {}}]"}}, {"model": "admin.logentry", "pk": 36, "fields": {"action_time": "2020-02-04T09:32:10.717Z", "user": 1, "content_type": 6, "object_id": "30", "object_repr": "Sony WH-XB900", "action_flag": 1, "change_message": "[{\"added\": {}}]"}}, {"model": "admin.logentry", "pk": 37, "fields": {"action_time": "2020-02-04T09:32:28.508Z", "user": 1, "content_type": 6, "object_id": "31", "object_repr": "Sehnheiser Momentum", "action_flag": 1, "change_message": "[{\"added\": {}}]"}}, {"model": "admin.logentry", "pk": 38, "fields": {"action_time": "2020-02-04T09:32:46.189Z", "user": 1, "content_type": 6, "object_id": "32", "object_repr": "Xiaomi AirDots", "action_flag": 1, "change_message": "[{\"added\": {}}]"}}, {"model": "admin.logentry", "pk": 39, "fields": {"action_time": "2020-02-04T09:34:18.860Z", "user": 1, "content_type": 9, "object_id": "2", "object_repr": "\u0421\u043e\u0433\u0440\u0435\u0435\u043c \u0432 \u0445\u043e\u043b\u043e\u0434\u0430 \u0438 \u0434\u043e\u0431\u0430\u0432\u0438\u043c \u0441\u0442\u0438\u043b\u044f", "action_flag": 1, "change_message": "[{\"added\": {}}]"}}, {"model": "admin.logentry", "pk": 40, "fields": {"action_time": "2020-02-04T09:34:48.441Z", "user": 1, "content_type": 9, "object_id": "3", "object_repr": "\u0414\u043b\u044f \u0443\u0447\u0451\u0431\u044b, \u0440\u0430\u0431\u043e\u0442\u044b \u0438 \u0441\u0435\u0440\u0438\u0430\u043b\u043e\u0432", "action_flag": 1, "change_message": "[{\"added\": {}}]"}}, {"model": "admin.logentry", "pk": 41, "fields": {"action_time": "2020-02-04T09:35:04.858Z", "user": 1, "content_type": 9, "object_id": "4", "object_repr": "\u0421 \u043f\u0435\u0441\u043d\u0435\u0439 \u043f\u043e \u0436\u0438\u0437\u043d\u0438!", "action_flag": 1, "change_message": "[{\"added\": {}}]"}}, {"model": "admin.logentry", "pk": 42, "fields": {"action_time": "2020-02-04T10:33:14.956Z", "user": 1, "content_type": 10, "object_id": "2", "object_repr": "petya@petya.org", "action_flag": 1, "change_message": "[{\"added\": {}}]"}}, {"model": "admin.logentry", "pk": 43, "fields": {"action_time": "2020-02-04T10:34:33.815Z", "user": 1, "content_type": 10, "object_id": "3", "object_repr": "vanya@vanya.org", "action_flag": 1, "change_message": "[{\"added\": {}}]"}}, {"model": "admin.logentry", "pk": 44, "fields": {"action_time": "2020-02-04T10:35:36.539Z", "user": 1, "content_type": 10, "object_id": "4", "object_repr": "serge@business.com", "action_flag": 1, "change_message": "[{\"added\": {}}]"}}, {"model": "admin.logentry", "pk": 45, "fields": {"action_time": "2020-02-04T10:37:22.830Z", "user": 1, "content_type": 6, "object_id": "14", "object_repr": "\u0424\u0443\u0442\u0431\u043e\u043b\u043a\u0430 \u0413\u0435\u0440\u043e\u0438 3", "action_flag": 2, "change_message": "[{\"added\": {\"name\": \"review\", \"object\": \"Review object (1)\"}}]"}}, {"model": "admin.logentry", "pk": 46, "fields": {"action_time": "2020-02-04T10:37:55.048Z", "user": 1, "content_type": 6, "object_id": "14", "object_repr": "\u0424\u0443\u0442\u0431\u043e\u043b\u043a\u0430 \u0413\u0435\u0440\u043e\u0438 3", "action_flag": 2, "change_message": "[{\"added\": {\"name\": \"review\", \"object\": \"Review object (2)\"}}]"}}]